# Epoch (mjd);Azimuth (deg),Elevation (deg)
6.105971860828716308e+04;2.653592292622486184e+02;2.607207404260466888e+01
6.105971861664345488e+04;2.654673345241270113e+02;2.610766203514596739e+01
6.105971862245351076e+04;2.655477683325844396e+02;2.613470330610939385e+01
6.105971862834505737e+04;2.656288423187882017e+02;2.616188702105035446e+01
6.105971863423613831e+04;2.657106475406876598e+02;2.618894794499435363e+01
6.105971864016214386e+04;2.657920259850379807e+02;2.621620421899828557e+01
6.105971864596055821e+04;2.658750808400535561e+02;2.624340704715583783e+01
6.105971865181718022e+04;2.659576480748028189e+02;2.627089686266203472e+01
6.105971865790523589e+04;2.660393599392234023e+02;2.629737904927985781e+01
6.105971866376139224e+04;2.661210720694172664e+02;2.632421433771839858e+01
6.105971866954863071e+04;2.662036682106880221e+02;2.635116698171981753e+01
6.105971867552073672e+04;2.662851964557594329e+02;2.637769591283413817e+01
6.105971868135407567e+04;2.663689508248108950e+02;2.640484210968120848e+01
6.105971868736110628e+04;2.664511491984716258e+02;2.643134206148371845e+01
6.105971869327547029e+04;2.665341402638247246e+02;2.645806058972554453e+01
6.105971869916655123e+04;2.666170698830937340e+02;2.648463448964810496e+01
6.105971870495378971e+04;2.667005787165279571e+02;2.651137956410616425e+01
6.105971871096082032e+04;2.667830501657170998e+02;2.653770659637024920e+01
6.105971871686354280e+04;2.668663752644268357e+02;2.656425023254805140e+01
6.105971872268524021e+04;2.669489373235736025e+02;2.659035258414975900e+01
6.105971872858796269e+04;2.670325360500899592e+02;2.661674760872232781e+01
6.105971873443294317e+04;2.671154329572951838e+02;2.664287102309743815e+01
6.105971874023135751e+04;2.671995800242846144e+02;2.666935933028474892e+01
6.105971874625002965e+04;2.672829945179792617e+02;2.669538723780904377e+01
6.105971875199070200e+04;2.673671711548618646e+02;2.672160899825813374e+01
6.105971875788178295e+04;2.674511339499337623e+02;2.674770540156993093e+01
6.105971876390045509e+04;2.675348218895801438e+02;2.677364409696152237e+01
6.105971876966441050e+04;2.676193329505653082e+02;2.679978802314391118e+01
6.105971877562487498e+04;2.677029588593277367e+02;2.682535156760939188e+01
6.105971878136554733e+04;2.677871643289399231e+02;2.685134762326575597e+01
6.105971878736093640e+04;2.678711861617249497e+02;2.687701610361247617e+01
6.105971879326365888e+04;2.679562139280847646e+02;2.690282856823447943e+01
6.105971879905089736e+04;2.680413635025047938e+02;2.692874033382721422e+01
6.105971880498854443e+04;2.681248656793279110e+02;2.695396582908388439e+01
6.105971881085634232e+04;2.682117223057160231e+02;2.698020411091486537e+01
6.105971881679398939e+04;2.682976634803160323e+02;2.700598411517901809e+01
6.105971882275445387e+04;2.683839398254013986e+02;2.703184791118445673e+01
6.105971882874984294e+04;2.684686298997682457e+02;2.705712643945052420e+01
6.105971883452543989e+04;2.685547224300568132e+02;2.708272779261738350e+01
6.105971884053247049e+04;2.686397776824732091e+02;2.710793584898148367e+01
6.105971884643519297e+04;2.687257474762166112e+02;2.713335097913617489e+01
6.105971885218750685e+04;2.688118387433736416e+02;2.715862700365492799e+01
6.105971885814797133e+04;2.688987530061278335e+02;2.718404918906106005e+01
6.105971886413171887e+04;2.689842337924737308e+02;2.720913766988482152e+01
6.105971886991895735e+04;2.690708423495667603e+02;2.723432617532143496e+01
6.105971887593762949e+04;2.691572063726301849e+02;2.725922724179294931e+01
6.105971888182871044e+04;2.692433267346639809e+02;2.728448364261803505e+01
6.105971888769697398e+04;2.693296289137961139e+02;2.730913738576775884e+01
6.105971889359969646e+04;2.694166933617191830e+02;2.733412430001153837e+01
6.105971889942139387e+04;2.695026289855329082e+02;2.735862072493086217e+01
6.105971890532411635e+04;2.695896622973120884e+02;2.738352813370122263e+01
6.105971891120355576e+04;2.696765120377928042e+02;2.740813849519206613e+01
6.105971891709510237e+04;2.697644288841519824e+02;2.743309503982851183e+01
6.105971892306720838e+04;2.698522535797592923e+02;2.745773345561633505e+01
6.105971892891218886e+04;2.699383096389549337e+02;2.748212052677386907e+01
6.105971893479162827e+04;2.700261944638474461e+02;2.750654010530260862e+01
6.105971894062496722e+04;2.701127373954279847e+02;2.753068495048745135e+01
6.105971894652768970e+04;2.702008044668802995e+02;2.755502479201262034e+01
6.105971895237267017e+04;2.702879870408301031e+02;2.757919999731337057e+01
6.105971895828703418e+04;2.703759315426478906e+02;2.760347189880602059e+01
6.105971896408544853e+04;2.704652477142278713e+02;2.762791038462241744e+01
6.105971896998863667e+04;2.705534049705178745e+02;2.765212732430846287e+01
6.105971897596074268e+04;2.706407078153986845e+02;2.767586487102036585e+01
6.105971898184018210e+04;2.707291386442950056e+02;2.769990852267737935e+01
6.105971898765023798e+04;2.708185448574490692e+02;2.772412113284457291e+01
6.105971899371547624e+04;2.709074322038870832e+02;2.774803517368691175e+01
6.105971899949060753e+04;2.709967766391306441e+02;2.777205009610268505e+01
6.105971900543989614e+04;2.710843824724375963e+02;2.779541684831611548e+01
6.105971901137754321e+04;2.711740005915114011e+02;2.781935005533691552e+01
6.105971901722205803e+04;2.712624594853324993e+02;2.784279466041637363e+01
6.105971902303257957e+04;2.713525646116615349e+02;2.786660777884652873e+01
6.105971902901632711e+04;2.714412666079903715e+02;2.788988868977797964e+01
6.105971903493069112e+04;2.715317063856895743e+02;2.791362767274327084e+01
6.105971904081013054e+04;2.716225115743007450e+02;2.793729409177825929e+01
6.105971904678223655e+04;2.717111515145494991e+02;2.796036236531717734e+01
6.105971905265050009e+04;2.718005532906819326e+02;2.798347779905601129e+01
6.105971905855322257e+04;2.718906560493561528e+02;2.800673392687438934e+01
6.105971906438656151e+04;2.719799046959080897e+02;2.802971090605128168e+01
6.105971907030092552e+04;2.720697020781851734e+02;2.805296226131290283e+01
6.105971907618036494e+04;2.721603521951835205e+02;2.807582582350748979e+01
6.105971908197924495e+04;2.722513986679375648e+02;2.809899445582404098e+01
6.105971908797463402e+04;2.723413164153627690e+02;2.812164771566613553e+01
6.105971909379633144e+04;2.724308374951912697e+02;2.814418917419005339e+01
6.105971909971069545e+04;2.725218216898945229e+02;2.816696018728385909e+01
6.105971910552075133e+04;2.726136288042919205e+02;2.818989850153877441e+01
6.105971911156270653e+04;2.727046427000104245e+02;2.821248511406859905e+01
6.105971911739604548e+04;2.727945891055740617e+02;2.823476226498317132e+01
6.105971912328712642e+04;2.728858156760703650e+02;2.825722913119074065e+01
6.105971912913210690e+04;2.729765235244375958e+02;2.827947179140418754e+01
6.105971913491887972e+04;2.730683897011624026e+02;2.830198632379883961e+01
6.105971914084488526e+04;2.731580296341771259e+02;2.832377868622841888e+01
6.105971914675924927e+04;2.732499864236067992e+02;2.834605726226438449e+01
6.105971915258094668e+04;2.733402964206655952e+02;2.836786864525807417e+01
6.105971915840264410e+04;2.734332586064787733e+02;2.839021741985716574e+01
6.105971916437521577e+04;2.735244215090577313e+02;2.841201904368467268e+01
6.105971917030075565e+04;2.736176268297518277e+02;2.843423853940400647e+01
6.105971917616901919e+04;2.737086060385994983e+02;2.845581402968096185e+01
6.105971918202564120e+04;2.738002251202629509e+02;2.847743306859071666e+01
6.105971918798610568e+04;2.738936121556943704e+02;2.849936346891227501e+01
6.105971919383108616e+04;2.739852914890491320e+02;2.852084196638665858e+01
6.105971919973380864e+04;2.740780679938047228e+02;2.854245130821170306e+01
6.105971920561324805e+04;2.741704781824604993e+02;2.856381720957229930e+01
6.105971921141212806e+04;2.742641076173874239e+02;2.858545689960712366e+01
6.105971921739587560e+04;2.743560902796624532e+02;2.860659692107251217e+01
6.105971922321757302e+04;2.744502067032332775e+02;2.862811283776801119e+01
6.105971922921296209e+04;2.745425849621988732e+02;2.864916349944252971e+01
6.105971923512732610e+04;2.746361213286211296e+02;2.867033734727096217e+01
6.105971924100676551e+04;2.747292000517634278e+02;2.869135939486433173e+01
6.105971924689831212e+04;2.748226442357711221e+02;2.871235854229578521e+01
6.105971925274282694e+04;2.749152343890170300e+02;2.873306512345958197e+01
6.105971925853006542e+04;2.750097143237726982e+02;2.875404870434561033e+01
6.105971926453709602e+04;2.751027610407715542e+02;2.877467160912324218e+01
6.105971927035879344e+04;2.751973317046182501e+02;2.879550893681147627e+01
6.105971927626151592e+04;2.752896764359664985e+02;2.881574981857044548e+01
6.105971928222244605e+04;2.753847646379417711e+02;2.883652441373777009e+01
6.105971928815962747e+04;2.754793646046967979e+02;2.885703279643803398e+01
6.105971929395850748e+04;2.755721045943801641e+02;2.887711221344166290e+01
6.105971929984958842e+04;2.756665209103848611e+02;2.889740212377999384e+01
6.105971930567128584e+04;2.757597783814155719e+02;2.891735204803445214e+01
6.105971931157400832e+04;2.758545293264884322e+02;2.893754316909762281e+01
6.105971931736124679e+04;2.759499810893506151e+02;2.895779885070697901e+01
6.105971932327561080e+04;2.760425362791114026e+02;2.897730796318573709e+01
6.105971932914340869e+04;2.761369203116398126e+02;2.899715811410301569e+01
6.105971933505777270e+04;2.762322794659750116e+02;2.901706590607387071e+01
6.105971934083336964e+04;2.763277297107337063e+02;2.903690054434373735e+01
6.105971934678219259e+04;2.764214724084307591e+02;2.905628981274580269e+01
6.105971935271983966e+04;2.765174401411194935e+02;2.907601026424783797e+01
6.105971935856482014e+04;2.766119747355251093e+02;2.909537378354644588e+01
6.105971936434041709e+04;2.767080027304220380e+02;2.911493946142111255e+01
6.105971937031252310e+04;2.768032682199234387e+02;2.913423915493945771e+01
6.105971937615750358e+04;2.768972834290069045e+02;2.915314835516483427e+01
6.105971938201365992e+04;2.769923653168162900e+02;2.917224293691099035e+01
6.105971938783582300e+04;2.770900989391222993e+02;2.919170463007185035e+01
6.105971939387731254e+04;2.771853629791633011e+02;2.921060905152615561e+01
6.105971939971065149e+04;2.772804437429764448e+02;2.922936617592570840e+01
6.105971940553234890e+04;2.773754936776201134e+02;2.924802927542152986e+01
6.105971941128466278e+04;2.774725247025526187e+02;2.926695710783371140e+01
6.105971941718738526e+04;2.775683055232416905e+02;2.928554592693384251e+01
6.105971942313667387e+04;2.776653663474525047e+02;2.930431998946611571e+01
6.105971942912042141e+04;2.777612683772790660e+02;2.932271966617621572e+01
6.105971943495376036e+04;2.778568652668199661e+02;2.934101315881590111e+01
6.105971944077545777e+04;2.779524922648964207e+02;2.935918683069802171e+01
6.105971944659715518e+04;2.780506490138704407e+02;2.937771256603036463e+01
6.105971945265028626e+04;2.781470679229213943e+02;2.939588632402732316e+01
6.105971945850690827e+04;2.782440046167353671e+02;2.941397228915903028e+01
6.105971946435188875e+04;2.783402703637230502e+02;2.943186845204583335e+01
6.105971947019686922e+04;2.784369015470587101e+02;2.944971795851214225e+01
6.105971947607630864e+04;2.785336848059209842e+02;2.946750382136215762e+01
6.105971948195621371e+04;2.786308639330347319e+02;2.948519437298564583e+01
6.105971948778955266e+04;2.787298717235820504e+02;2.950317183522851039e+01
6.105971949373837560e+04;2.788259223250325363e+02;2.952048450448534567e+01
6.105971949961828068e+04;2.789233748385287868e+02;2.953801195327271856e+01
6.105971950547443703e+04;2.790203392352797778e+02;2.955528935965598691e+01
6.105971951133105904e+04;2.791203210722352424e+02;2.957304540315775299e+01
6.105971951723378152e+04;2.792181994345693283e+02;2.959049356909327244e+01
6.105971952313650399e+04;2.793162600423988238e+02;2.960752713199795139e+01
6.105971952914353460e+04;2.794135584559152221e+02;2.962454642230909840e+01
6.105971953493077308e+04;2.795124109813216933e+02;2.964159063714482301e+01
6.105971954078692943e+04;2.796104401557324763e+02;2.965838602352292952e+01
6.105971954670129344e+04;2.797092006241194895e+02;2.967528709530717990e+01
6.105971955259237438e+04;2.798070463575919575e+02;2.969198613179877810e+01
6.105971955861104652e+04;2.799057756389218525e+02;2.970863815462190161e+01
6.105971956435171887e+04;2.800044741082148789e+02;2.972518664719388326e+01
6.105971957034710795e+04;2.801015567540764550e+02;2.974137626597243766e+01
6.105971957614598796e+04;2.801997973527413706e+02;2.975764932383513894e+01
6.105971958195604384e+04;2.802995007459437034e+02;2.977410288231295965e+01
6.105971958795143291e+04;2.803977711571237137e+02;2.979016022733071978e+01
6.105971959384251386e+04;2.804968642553677114e+02;2.980628507050592901e+01
6.105971959968749434e+04;2.805951340908793554e+02;2.982222495245592242e+01
6.105971960557857528e+04;2.806943484226345049e+02;2.983811399511560936e+01
6.105971961142355576e+04;2.807930443084591730e+02;2.985387316320815287e+01
6.105971961723361164e+04;2.808935381495783759e+02;2.986972966084468695e+01
6.105971962313679978e+04;2.809931173746871309e+02;2.988548709239569945e+01
6.105971962909726426e+04;2.810913551034267925e+02;2.990087013958999762e+01
6.105971963498834521e+04;2.811910250171980010e+02;2.991628689851428646e+01
6.105971964075230062e+04;2.812911213418461216e+02;2.993167515380567067e+01
6.105971964679379016e+04;2.813907297292638532e+02;2.994695925813994819e+01
6.105971965266205370e+04;2.814894538656940313e+02;2.996197354271166802e+01
6.105971965853031725e+04;2.815900064580812909e+02;2.997713573348636729e+01
6.105971966430544853e+04;2.816906806672247967e+02;2.999222768404332129e+01
6.105971967031247914e+04;2.817919031805021746e+02;3.000727771415970579e+01
6.105971967623848468e+04;2.818908394390454646e+02;3.002190342940197709e+01
6.105971968215284869e+04;2.819916346746065301e+02;3.003675144954644693e+01
6.105971968797454610e+04;2.820933439463739205e+02;3.005158401466645657e+01
6.105971969401603565e+04;2.821938337468471332e+02;3.006614030153830441e+01
6.105971969984937459e+04;2.822933174295145591e+02;3.008043731966994372e+01
6.105971970574092120e+04;2.823939284967252661e+02;3.009473400187939873e+01
6.105971971163200215e+04;2.824943564375809615e+02;3.010896351093165180e+01
6.105971971749980003e+04;2.825949059764338926e+02;3.012307605511229980e+01
6.105971972327539697e+04;2.826963391365720213e+02;3.013725615556386472e+01
6.105971972928242758e+04;2.827964613809938896e+02;3.015109324799077939e+01
6.105971973505802453e+04;2.828982900951302781e+02;3.016500595805405993e+01
6.105971974107623100e+04;2.829989299314859750e+02;3.017875963451028554e+01
6.105971974686346948e+04;2.831007276066695795e+02;3.019249201888468548e+01
6.105971975290495902e+04;2.832020678312950963e+02;3.020607729932094543e+01
6.105971975869219750e+04;2.833040173587306185e+02;3.021967788468556293e+01
6.105971976461820304e+04;2.834061189464538870e+02;3.023312907985332387e+01
6.105971977068297565e+04;2.835078850381314624e+02;3.024650271181934613e+01
6.105971977655077353e+04;2.836089802941526159e+02;3.025962350490463493e+01
6.105971978232637048e+04;2.837112334034410992e+02;3.027274783571707317e+01
6.105971978833340108e+04;2.838123890483688001e+02;3.028564723954145776e+01
6.105971979412017390e+04;2.839146721068024135e+02;3.029860647672420271e+01
6.105971980013884604e+04;2.840160101065210938e+02;3.031137597389326288e+01
6.105971980594890192e+04;2.841166468150535138e+02;3.032389072596441437e+01
6.105971981186326593e+04;2.842188071374485503e+02;3.033650323729580478e+01
6.105971981768496335e+04;2.843195652551129342e+02;3.034887285563579695e+01
6.105971982359932736e+04;2.844221517049163026e+02;3.036129334197238805e+01
6.105971982944430783e+04;2.845234273994149703e+02;3.037349853170573866e+01
6.105971983525482938e+04;2.846267447842675438e+02;3.038581838485020370e+01
6.105971984129631892e+04;2.847295133337778452e+02;3.039799498704726943e+01
6.105971984711801633e+04;2.848300262982986624e+02;3.040974795130522779e+01
6.105971985291689634e+04;2.849335257884434327e+02;3.042182011512984730e+01
6.105971985884243622e+04;2.850340991950332068e+02;3.043335646383951598e+01
6.105971986468741670e+04;2.851382381744021473e+02;3.044527466475197031e+01
6.105971987071773037e+04;2.852407615981327353e+02;3.045683942685104029e+01
6.105971987652778625e+04;2.853420961705986656e+02;3.046813537721943987e+01
6.105971988243050873e+04;2.854448629312972798e+02;3.047955115604350596e+01
6.105971988832158968e+04;2.855475075428195737e+02;3.049085300012402300e+01
6.105971989415492862e+04;2.856496033084719102e+02;3.050193718141834864e+01
6.105971990005765110e+04;2.857524912233133705e+02;3.051301184994410676e+01
6.105971990592591465e+04;2.858551350725197722e+02;3.052392400923941906e+01
6.105971991179417819e+04;2.859577177494068110e+02;3.053475557872623725e+01
6.105971991768525913e+04;2.860608487614024966e+02;3.054554058078042900e+01
6.105971992351859808e+04;2.861646500129832589e+02;3.055629422014403218e+01
6.105971992944460362e+04;2.862692129136951849e+02;3.056699261829576031e+01
6.105971993548609316e+04;2.863726175020124174e+02;3.057747556350548024e+01
6.105971994137717411e+04;2.864757780501306570e+02;3.058781697944309386e+01
6.105971994727989659e+04;2.865794564510319447e+02;3.059808611129696132e+01
6.105971995315980166e+04;2.866827689418207115e+02;3.060825954949286398e+01
6.105971995901642367e+04;2.867871173847636328e+02;3.061843771026801164e+01
6.105971996494196355e+04;2.868897589104313397e+02;3.062820514791917503e+01
6.105971997086796910e+04;2.869938935532938444e+02;3.063808295542589377e+01
6.105971997673623264e+04;2.870959252000020570e+02;3.064770470243213651e+01
6.105971998256957158e+04;2.871997546629390854e+02;3.065734704183956794e+01
6.105971998836798593e+04;2.873044372065945140e+02;3.066692936505382860e+01
6.105971999432891607e+04;2.874067120222558742e+02;3.067624048412944404e+01
6.105972000023163855e+04;2.875110589162444512e+02;3.068556828453750640e+01
6.105972000603005290e+04;2.876134247366758814e+02;3.069464183472352303e+01
6.105972001193277538e+04;2.877175883712584437e+02;3.070373602013825831e+01
6.105972001777775586e+04;2.878230013022549656e+02;3.071289115661492986e+01
6.105972002370376140e+04;2.879253970102539029e+02;3.072166753978042308e+01
6.105972002961812541e+04;2.880297429037710799e+02;3.073047310088849571e+01
6.105972003538208082e+04;2.881343324038709284e+02;3.073920081768764589e+01
6.105972004136582837e+04;2.882377027060956607e+02;3.074768154776832674e+01
6.105972004723362625e+04;2.883414689984839470e+02;3.075610534553882047e+01
6.105972005309024826e+04;2.884449303742284769e+02;3.076443912306438122e+01
6.105972005898132920e+04;2.885498543134955298e+02;3.077269837719684631e+01
6.105972006478020921e+04;2.886521267964056392e+02;3.078066923552826495e+01
6.105972007062518969e+04;2.887557095161441794e+02;3.078866386159964108e+01
6.105972007655072957e+04;2.888607243474532993e+02;3.079663740259127280e+01
6.105972008238406852e+04;2.889642762324060641e+02;3.080439453561960761e+01
6.105972008829843253e+04;2.890692602393415882e+02;3.081215634540006221e+01
6.105972009417833760e+04;2.891737260068808837e+02;3.081976146030222807e+01
6.105972010008106008e+04;2.892785572982236886e+02;3.082729442196881564e+01
6.105972010596049950e+04;2.893828398911879276e+02;3.083469453612489986e+01
6.105972011174773797e+04;2.894885545848288757e+02;3.084203355588329742e+01
6.105972011773148552e+04;2.895924711494243411e+02;3.084915720963535435e+01
6.105972012363420799e+04;2.896973322500839458e+02;3.085623902483634140e+01
6.105972012944426388e+04;2.898035035585494370e+02;3.086325504450743296e+01
6.105972013549786061e+04;2.899085471905387408e+02;3.087014604626610392e+01
6.105972014136565849e+04;2.900130726082692263e+02;3.087688128993374903e+01
6.105972014714125544e+04;2.901186035053960950e+02;3.088355085544086265e+01
6.105972015314828604e+04;2.902229457733545814e+02;3.089003246032863359e+01
6.105972015903936699e+04;2.903271660012219400e+02;3.089639821897212357e+01
6.105972016489598900e+04;2.904326355029176625e+02;3.090271158321046130e+01
6.105972017068276182e+04;2.905385010266859354e+02;3.090896711955796405e+01
6.105972017668979242e+04;2.906419589952304250e+02;3.091497974715680641e+01
6.105972018254641443e+04;2.907475499790560889e+02;3.092100170590110864e+01
6.105972018840257078e+04;2.908519828306554018e+02;3.092684138624128565e+01
6.105972019424755126e+04;2.909565069605396275e+02;3.093252986846080432e+01
6.105972020013909787e+04;2.910616709208885595e+02;3.093821290358199860e+01
6.105972020594915375e+04;2.911656158100672656e+02;3.094369363196720357e+01
6.105972021187515929e+04;2.912716937134606496e+02;3.094917516077522635e+01
6.105972021770849824e+04;2.913783504852492570e+02;3.095457212759915322e+01
6.105972022371506318e+04;2.914835139397174544e+02;3.095977544431735495e+01
6.105972022961825132e+04;2.915889515336286308e+02;3.096486948411257245e+01
6.105972023552097380e+04;2.916947242238322815e+02;3.096990001072974863e+01
6.105972024127328768e+04;2.918004053762894046e+02;3.097479370881118754e+01
6.105972024729149416e+04;2.919054921920558741e+02;3.097955738378919577e+01
6.105972025309037417e+04;2.920119501867749250e+02;3.098424106980631976e+01
6.105972025908576325e+04;2.921167930028825026e+02;3.098876638079279999e+01
6.105972026501176879e+04;2.922230070063063749e+02;3.099324032337614199e+01
6.105972027082182467e+04;2.923269506651033112e+02;3.099751216410781751e+01
6.105972027675947174e+04;2.924334691983098651e+02;3.100176764057032486e+01
6.105972028259281069e+04;2.925381440188850775e+02;3.100584950841214038e+01
6.105972028849553317e+04;2.926440986130243687e+02;3.100987051548317552e+01
6.105972029437497258e+04;2.927494741257977466e+02;3.101372905289820281e+01
6.105972030030097812e+04;2.928559770563799134e+02;3.101757065005315184e+01
6.105972030613431707e+04;2.929604991523805779e+02;3.102116138745273233e+01
6.105972031206032261e+04;2.930669866713138845e+02;3.102473405692919428e+01
6.105972031789366156e+04;2.931717219203563900e+02;3.102814640074486974e+01
6.105972032368043438e+04;2.932782702247799307e+02;3.103148827507400753e+01
6.105972032966418192e+04;2.933830510334508972e+02;3.103470319024074442e+01
6.105972033543977886e+04;2.934895077700510910e+02;3.103781430065626168e+01
6.105972034134250134e+04;2.935955987654502337e+02;3.104083822579799090e+01
6.105972034733789042e+04;2.937007145618367758e+02;3.104369114936048746e+01
6.105972035325225443e+04;2.938068054229698305e+02;3.104647761298531705e+01
6.105972035908559337e+04;2.939117382579988771e+02;3.104912552322302943e+01
6.105972036501159891e+04;2.940181184882289926e+02;3.105171452982992619e+01
6.105972037081001326e+04;2.941253823664895322e+02;3.105418275708857578e+01
6.105972037687478587e+04;2.942314120457475042e+02;3.105651720665603932e+01
6.105972038270812482e+04;2.943364056018742758e+02;3.105870829406695677e+01
6.105972038861131296e+04;2.944429075047627862e+02;3.106081379276021792e+01
6.105972039449075237e+04;2.945481142731296131e+02;3.106277024045900248e+01
6.105972040021978319e+04;2.946543723036425604e+02;3.106465930026596212e+01
6.105972040629619732e+04;2.947609350177756369e+02;3.106642863776299990e+01
6.105972041218727827e+04;2.948669948946707109e+02;3.106809553135920865e+01
6.105972041809046641e+04;2.949730090257805841e+02;3.106964656371803457e+01
6.105972042394662276e+04;2.950783831985973507e+02;3.107110183556679672e+01
6.105972042988426983e+04;2.951857990016393387e+02;3.107247245993590923e+01
6.105972043584473431e+04;2.952926662693224671e+02;3.107367102630472289e+01
6.105972044160868973e+04;2.953996096913396059e+02;3.107478424218107449e+01
6.105972044752305374e+04;2.955053798971994752e+02;3.107573976244794878e+01
6.105972045350680128e+04;2.956104796885520614e+02;3.107651940010222447e+01
6.105972045931732282e+04;2.957152899753734800e+02;3.107714504349007001e+01
6.105972046515066177e+04;2.958231170273784301e+02;3.107770316567335200e+01
6.105972047112276778e+04;2.959282015357613318e+02;3.107821052943808127e+01
6.105972047693282366e+04;2.960352972188882177e+02;3.107864190327032361e+01
6.105972048288211226e+04;2.961421186303585387e+02;3.107912719560406956e+01
6.105972048883093521e+04;2.962486962438679825e+02;3.107964446592116303e+01
6.105972049479186535e+04;2.963554414358929989e+02;3.108022706066152452e+01
6.105972050078725442e+04;2.964592307847740926e+02;3.108073213594897055e+01
6.105972050655074418e+04;2.965655188719008493e+02;3.108117076240570853e+01
6.105972051245393232e+04;2.966709842035274391e+02;3.108145160924954453e+01
6.105972051846049726e+04;2.967758400910360024e+02;3.108157274688576166e+01
6.105972052437486127e+04;2.968815949390438504e+02;3.108142156171134474e+01
6.105972053013881668e+04;2.969881268723594872e+02;3.108091510153738213e+01
6.105972053604153916e+04;2.970942931595840264e+02;3.108021745295134508e+01
6.105972054201411083e+04;2.971991339179097622e+02;3.107935248545113538e+01
6.105972054790519178e+04;2.973053764289779792e+02;3.107840497774098765e+01
6.105972055370360613e+04;2.974124417438707724e+02;3.107718232114196866e+01
6.105972055972227827e+04;2.975183338834954156e+02;3.107593156911382692e+01
6.105972056553233415e+04;2.976227938328350433e+02;3.107460975259125746e+01
6.105972057140059769e+04;2.977312457062443514e+02;3.107329607152852446e+01
6.105972057737270370e+04;2.978358276046081983e+02;3.107182838286725257e+01
6.105972058319440112e+04;2.979403638293799190e+02;3.107025339760585680e+01
6.105972058908548206e+04;2.980463627665784543e+02;3.106860640449228583e+01
6.105972059496538714e+04;2.981523465207965273e+02;3.106677869443334927e+01
6.105972060085646808e+04;2.982588635853304595e+02;3.106485610415299448e+01
6.105972060672473162e+04;2.983639180183640178e+02;3.106280523053509768e+01
6.105972061255807057e+04;2.984686830031938030e+02;3.106068425184645321e+01
6.105972061844915152e+04;2.985745145828310569e+02;3.105842834807813446e+01
6.105972062430577353e+04;2.986797824695483996e+02;3.105608516941500596e+01
6.105972063018521294e+04;2.987853703857511505e+02;3.105357844426044522e+01
6.105972063596080989e+04;2.988919030155049654e+02;3.105093967224562945e+01
6.105972064193291590e+04;2.989965006790947655e+02;3.104828222955845973e+01
6.105972064784727991e+04;2.991028353641791000e+02;3.104542220532810504e+01
6.105972065369226038e+04;2.992079511924160329e+02;3.104254066736265472e+01
6.105972065949067473e+04;2.993144688550319188e+02;3.103944033680243209e+01
6.105972066550934687e+04;2.994199200343343250e+02;3.103629178951333856e+01
6.105972067131940275e+04;2.995242285541610272e+02;3.103307688621833549e+01
6.105972067719884217e+04;2.996298170213560752e+02;3.102966894262399578e+01
6.105972068306710571e+04;2.997359845347172609e+02;3.102620048445936973e+01
6.105972068884270266e+04;2.998415274556584222e+02;3.102257128846300560e+01
6.105972069480316713e+04;2.999455163212386992e+02;3.101895865181714385e+01
6.105972070074081421e+04;3.000521259574760506e+02;3.101510447580411878e+01
6.105972070659743622e+04;3.001571206161465852e+02;3.101120009183974346e+01
6.105972071238420904e+04;3.002635780785533939e+02;3.100710558707688591e+01
6.105972071834467351e+04;3.003705689165616946e+02;3.100287619993438071e+01
6.105972072428232059e+04;3.004741621149856883e+02;3.099864598776586888e+01
6.105972073008120060e+04;3.005806350883387381e+02;3.099428399304744630e+01
6.105972073600674048e+04;3.006868034466946824e+02;3.098978416551156911e+01
6.105972074195602909e+04;3.007932614209796043e+02;3.098511605463266250e+01
6.105972074787039310e+04;3.008963674374266475e+02;3.098053288869422417e+01
6.105972075369209051e+04;3.010033589066356399e+02;3.097563405816015702e+01
6.105972075968747959e+04;3.011078059764116688e+02;3.097073537781715658e+01
6.105972076549753547e+04;3.012142796330683723e+02;3.096563240350864632e+01
6.105972077150456607e+04;3.013189859294253665e+02;3.096057829969389985e+01
6.105972077728016302e+04;3.014250941619349646e+02;3.095522732426131185e+01
6.105972078329883516e+04;3.015299530784664626e+02;3.094991192698751448e+01
6.105972078910889104e+04;3.016361377400789934e+02;3.094434734384702779e+01
6.105972079496551305e+04;3.017409359651334739e+02;3.093880495473476699e+01
6.105972080098371953e+04;3.018459324019877954e+02;3.093312859966440698e+01
6.105972080684034154e+04;3.019502280929772837e+02;3.092734578552072122e+01
6.105972081274306402e+04;3.020555904918652459e+02;3.092139577497943037e+01
6.105972081858804449e+04;3.021599016711467129e+02;3.091543746819586147e+01
6.105972082453686744e+04;3.022657671716376626e+02;3.090921574264176996e+01
6.105972083028918132e+04;3.023710995075954315e+02;3.090295910997342332e+01
6.105972083627292886e+04;3.024767824262291356e+02;3.089659525323068223e+01
6.105972084224550053e+04;3.025813227484834442e+02;3.089013818899458030e+01
6.105972084797453135e+04;3.026860308470099881e+02;3.088351187104573015e+01
6.105972085407422855e+04;3.027919427563410295e+02;3.087683190886042439e+01
6.105972085996530950e+04;3.028968034948331365e+02;3.087005588381234134e+01
6.105972086585639045e+04;3.030012834720550927e+02;3.086317915697681613e+01
6.105972087170137092e+04;3.031051693580602659e+02;3.085624459187636504e+01
6.105972087756963447e+04;3.032098324760102059e+02;3.084918096094693141e+01
6.105972088336804882e+04;3.033152119345691631e+02;3.084188240281130078e+01
6.105972088929405436e+04;3.034179403066083864e+02;3.083466285796902895e+01
6.105972089516185224e+04;3.035219944693764660e+02;3.082724285133533826e+01
6.105972090109949932e+04;3.036272982390842117e+02;3.081963764090810898e+01
6.105972090694447979e+04;3.037312460650305752e+02;3.081204401448933794e+01
6.105972091291658580e+04;3.038367178033169012e+02;3.080418706155674613e+01
6.105972091872664168e+04;3.039399041064465337e+02;3.079645779375168502e+01
6.105972092466428876e+04;3.040449648047876963e+02;3.078840044687328259e+01
6.105972093059029430e+04;3.041499189851173810e+02;3.078031970026109931e+01
6.105972093640035018e+04;3.042556657225391064e+02;3.077200503106541873e+01
6.105972094245348126e+04;3.043597517714423475e+02;3.076373330131087158e+01
6.105972094825236127e+04;3.044622685627724081e+02;3.075547685755489269e+01
6.105972095415508375e+04;3.045666292744295447e+02;3.074693909152570015e+01
6.105972096004616469e+04;3.046707768420828870e+02;3.073833497091416334e+01
6.105972096589114517e+04;3.047737818049164957e+02;3.072970427775150526e+01
6.105972097177105024e+04;3.048774421858342976e+02;3.072088635485529551e+01
6.105972097762720659e+04;3.049808894202766965e+02;3.071201351216483388e+01
6.105972098343772814e+04;3.050856930051180598e+02;3.070289453380541644e+01
6.105972098947921768e+04;3.051905882059142527e+02;3.069368545144492799e+01
6.105972099530091509e+04;3.052922380157525026e+02;3.068464843952320109e+01
6.105972100112261251e+04;3.053973317301369548e+02;3.067518761687719930e+01
6.105972100714128464e+04;3.054996067103447217e+02;3.066584938342745659e+01
6.105972101293969899e+04;3.056025218457031656e+02;3.065640212969192291e+01
6.105972101884242147e+04;3.057061381792020143e+02;3.064669615719621731e+01
6.105972102464130148e+04;3.058081852133220764e+02;3.063707785468929856e+01
6.105972103050909936e+04;3.059112533762261705e+02;3.062727914120830874e+01
6.105972103636572137e+04;3.060140018061011347e+02;3.061733676410379701e+01
6.105972104217577726e+04;3.061184722930584599e+02;3.060717990170334701e+01
6.105972104822937399e+04;3.062217544660626345e+02;3.059701354791650374e+01
6.105972105403942987e+04;3.063238178577101962e+02;3.058682337106608529e+01
6.105972105990722775e+04;3.064287614208589048e+02;3.057627132261769987e+01
6.105972106580995023e+04;3.065322423795813052e+02;3.056575354002426792e+01
6.105972107179416344e+04;3.066342454987413930e+02;3.055526046156614939e+01
6.105972107760421932e+04;3.067358831343853467e+02;3.054470093017894783e+01
6.105972108348365873e+04;3.068386029136175353e+02;3.053390859431322824e+01
6.105972108928253874e+04;3.069424047797626827e+02;3.052297788169670056e+01
6.105972109528956935e+04;3.070446069229885779e+02;3.051205368298187892e+01
6.105972110109962523e+04;3.071484245896942298e+02;3.050079581725421463e+01
6.105972110709501430e+04;3.072500786365330327e+02;3.048972638052367756e+01
6.105972111292835325e+04;3.073517177126865931e+02;3.047851623089008299e+01
6.105972111880779266e+04;3.074542103562868078e+02;3.046713520083842752e+01
6.105972112477989867e+04;3.075578461177428267e+02;3.045552810629859408e+01
6.105972113056713715e+04;3.076612383145931062e+02;3.044385079313137510e+01
6.105972113662026823e+04;3.077634879400248451e+02;3.043212577174117328e+01
6.105972114246524870e+04;3.078650215856534373e+02;3.042041614919866177e+01
6.105972114825248718e+04;3.079681250577355627e+02;3.040840626795439050e+01
6.105972115413192660e+04;3.080699030283639672e+02;3.039646302313467530e+01
6.105972116004629061e+04;3.081725346269833494e+02;3.038430028666750715e+01
6.105972116598393768e+04;3.082753493832963727e+02;3.037197022784667055e+01
6.105972117201378569e+04;3.083770976499591825e+02;3.035973264915084258e+01
6.105972117778938264e+04;3.084792576895778780e+02;3.034725631832221993e+01
6.105972118377313018e+04;3.085800160014024414e+02;3.033489232853766637e+01
6.105972118957154453e+04;3.086803326481478393e+02;3.032248660352379233e+01
6.105972119549755007e+04;3.087827220532473120e+02;3.030969696992224982e+01
6.105972120129643008e+04;3.088850355194098256e+02;3.029683812400188714e+01
6.105972120721079409e+04;3.089866025834821812e+02;3.028393645370604759e+01
6.105972121315961704e+04;3.090868898372213494e+02;3.027111567507590806e+01
6.105972121903952211e+04;3.091880155313415344e+02;3.025805253175705190e+01
6.105972122495388612e+04;3.092891414958893392e+02;3.024489540452239211e+01
6.105972123076394200e+04;3.093893686520217443e+02;3.023173350258111469e+01
6.105972123657399788e+04;3.094918971696412768e+02;3.021818881755401520e+01
6.105972124253492802e+04;3.095914391197977125e+02;3.020492157280510170e+01
6.105972124840272591e+04;3.096943035002371971e+02;3.019109372949140990e+01
6.105972125431708992e+04;3.097959795188845078e+02;3.017732009282775252e+01
6.105972126032412052e+04;3.098957204377366565e+02;3.016371280301349245e+01
6.105972126616910100e+04;3.099961626398293788e+02;3.014991936793238381e+01
6.105972127196751535e+04;3.100985405467816918e+02;3.013573634529820922e+01
6.105972127795126289e+04;3.101972917782795776e+02;3.012195433030040093e+01
6.105972128383116797e+04;3.102977348526016499e+02;3.010785889588788322e+01
6.105972128965286538e+04;3.103996564773672731e+02;3.009342420156339060e+01
6.105972129569435492e+04;3.104999478255051599e+02;3.007906250820201066e+01
6.105972130151605234e+04;3.105990202552804362e+02;3.006483218959241555e+01
6.105972130741877481e+04;3.106994340869166535e+02;3.005028447816129855e+01
6.105972131332196295e+04;3.107996348853214386e+02;3.003564456575101005e+01
6.105972131921304390e+04;3.108997140435757842e+02;3.002095064659388512e+01
6.105972132502309978e+04;3.109985743226025079e+02;3.000633848836713113e+01
6.105972133081033826e+04;3.110990046502587916e+02;2.999134041997665179e+01
6.105972133680572733e+04;3.111978655339733564e+02;2.997652976627209753e+01
6.105972134253475815e+04;3.112978697865149229e+02;2.996136826008058662e+01
6.105972134851850569e+04;3.113962588158710787e+02;2.994645992917337551e+01
6.105972135434020311e+04;3.114971933353801887e+02;2.993094978451324550e+01
6.105972136040497571e+04;3.115953544160498723e+02;2.991583996007186030e+01
6.105972136614564806e+04;3.116963658374753550e+02;2.990004554832645312e+01
6.105972137211821973e+04;3.117973164463452349e+02;2.988434784669099997e+01
6.105972137817135081e+04;3.118966520008630141e+02;2.986871541999350654e+01
6.105972138395812362e+04;3.119963841405383960e+02;2.985289957996804588e+01
6.105972138996515423e+04;3.120948516474549024e+02;2.983719593065469766e+01
6.105972139581013471e+04;3.121931213658533011e+02;2.982140578070327663e+01
6.105972140163183212e+04;3.122906750812811651e+02;2.980565565210278933e+01
6.105972140745352954e+04;3.123909419715705553e+02;2.978930675931929173e+01
6.105972141339117661e+04;3.124879781587358707e+02;2.977343599701249843e+01
6.105972141927061602e+04;3.125863558732771708e+02;2.975720405848976924e+01
6.105972142517380416e+04;3.126851301205906566e+02;2.974085737338971924e+01
6.105972143099550158e+04;3.127848801234691791e+02;2.972422464795682728e+01
6.105972143693268299e+04;3.128813385282114155e+02;2.970798507989558956e+01
6.105972144271992147e+04;3.129806471926328300e+02;2.969125084158152816e+01
6.105972144863428548e+04;3.130790113539982258e+02;2.967448779777506829e+01
6.105972145465295762e+04;3.131769032886263631e+02;2.965780019084480656e+01
6.105972146057849750e+04;3.132754205375170500e+02;2.964080439409016421e+01
6.105972146642347798e+04;3.133725358780305328e+02;2.962402838459506427e+01
6.105972147232620046e+04;3.134706727626303859e+02;2.960691487928956533e+01
6.105972147824056447e+04;3.135686728462397923e+02;2.958969868458277475e+01
6.105972148407390341e+04;3.136654082091536111e+02;2.957265275532808602e+01
6.105972149001155049e+04;3.137637289881611196e+02;2.955523061447235023e+01
6.105972149586817250e+04;3.138605412746853176e+02;2.953793565217566552e+01
6.105972150165494531e+04;3.139585731528736119e+02;2.952037296318307469e+01
6.105972150762751698e+04;3.140548069536560547e+02;2.950298397134340789e+01
6.105972151350695640e+04;3.141523061319568342e+02;2.948526625367814802e+01
6.105972151939803734e+04;3.142488606418662584e+02;2.946766558003643866e+01
6.105972152523137629e+04;3.143471987981659481e+02;2.944959731455274010e+01
6.105972153128450736e+04;3.144444855877800364e+02;2.943167462792580835e+01
6.105972153710667044e+04;3.145398828167375882e+02;2.941395795661581403e+01
6.105972154296282679e+04;3.146363015754508297e+02;2.939595818209047096e+01
6.105972154878452420e+04;3.147316690585063839e+02;2.937800763705131146e+01
6.105972155472217128e+04;3.148287896343552461e+02;2.935968296349806295e+01
6.105972156056715176e+04;3.149245540217490884e+02;2.934153604437961604e+01
6.105972156637720764e+04;3.150220107143177870e+02;2.932287477954659849e+01
6.105972157234931365e+04;3.151170594753411365e+02;2.930463464124792239e+01
6.105972157814819366e+04;3.152141967887187661e+02;2.928585279590598489e+01
6.105972158412029967e+04;3.153090633534970380e+02;2.926745114746704957e+01
6.105972159003466368e+04;3.154054087740026375e+02;2.924864850257702287e+01
6.105972159589128569e+04;3.155001083559697577e+02;2.923010918967902683e+01
6.105972160167805851e+04;3.155970184088476458e+02;2.921104450188846613e+01
6.105972160760406405e+04;3.156932583010220128e+02;2.919189672780498768e+01
6.105972161357617006e+04;3.157876541477845080e+02;2.917309317860313911e+01
6.105972161940950900e+04;3.158822027865305131e+02;2.915415182523984328e+01
6.105972162534715608e+04;3.159783979148610342e+02;2.913483156791788886e+01
6.105972163124987856e+04;3.160738008657057208e+02;2.911551680623101390e+01
6.105972163704875857e+04;3.161696614922520894e+02;2.909598437414292249e+01
6.105972164304414764e+04;3.162638610380345199e+02;2.907669517850420249e+01
6.105972164901625365e+04;3.163605453742653708e+02;2.905691426204526806e+01
6.105972165483795106e+04;3.164540750330830292e+02;2.903751560442555402e+01
6.105972166076395661e+04;3.165491444489222204e+02;2.901781237533384683e+01
6.105972166663175449e+04;3.166436198303252354e+02;2.899807852944347886e+01
6.105972167239570990e+04;3.167385986007676593e+02;2.897814040285652482e+01
6.105972167841438204e+04;3.168325716147758158e+02;2.895839353360753421e+01
6.105972168416669592e+04;3.169270941049048815e+02;2.893813438316510300e+01
6.105972169024311006e+04;3.170218907768339704e+02;2.891819624869243555e+01
6.105972169602988288e+04;3.171166576376705848e+02;2.889791703874692175e+01
6.105972170197917148e+04;3.172091536436180377e+02;2.887801782752808677e+01
6.105972170791681856e+04;3.173038907643978632e+02;2.885755429864249066e+01
6.105972171373851597e+04;3.173963112699738645e+02;2.883749741622687779e+01
6.105972171962959692e+04;3.174903021789318700e+02;2.881703399264123533e+01
6.105972172546293586e+04;3.175830130574198051e+02;2.879671673826505440e+01
6.105972173136565834e+04;3.176765626951820423e+02;2.877612586591217436e+01
6.105972173721063882e+04;3.177691829024279286e+02;2.875560133191745749e+01
6.105972174312500283e+04;3.178627789864434590e+02;2.873483953915913602e+01
6.105972174892341718e+04;3.179570309849942760e+02;2.871379254663758473e+01
6.105972175483778119e+04;3.180482650691035929e+02;2.869334609377167311e+01
6.105972176072932780e+04;3.181409172423317955e+02;2.867245294766330588e+01
6.105972176657430828e+04;3.182331124236634992e+02;2.865160934981100738e+01
6.105972177245374769e+04;3.183256891083909750e+02;2.863056233260926575e+01
6.105972177829872817e+04;3.184178545359862937e+02;2.860955154703248482e+01
6.105972178406268358e+04;3.185108283853248849e+02;2.858817749426293631e+01
6.105972178999986500e+04;3.186038025223942327e+02;2.856678471503983019e+01
6.105972179606463760e+04;3.186965179933737886e+02;2.854527761703834443e+01
6.105972180188680068e+04;3.187876942651862464e+02;2.852396216450948430e+01
6.105972180780069903e+04;3.188797853645650662e+02;2.850250479419164762e+01
6.105972181359957904e+04;3.189736145311676410e+02;2.848068689431817546e+01
6.105972181951394305e+04;3.190628711209465678e+02;2.845955577183887542e+01
6.105972182541666552e+04;3.191572806461754794e+02;2.843718784932811161e+01
6.105972183138877153e+04;3.192479403329267598e+02;2.841566190171692696e+01
6.105972183728031814e+04;3.193395456117872868e+02;2.839378426748287509e+01
6.105972184313647449e+04;3.194303890674650575e+02;2.837197304187796831e+01
6.105972184903919697e+04;3.195218731646610877e+02;2.834993193311533233e+01
6.105972185488417745e+04;3.196123362051409345e+02;2.832807143265293703e+01
6.105972186082182452e+04;3.197042631577403995e+02;2.830575100876368566e+01
6.105972186664352193e+04;3.197943305901364397e+02;2.828380497385079551e+01
6.105972187255788594e+04;3.198857399942980351e+02;2.826141989207564720e+01
6.105972187840286642e+04;3.199755490988665656e+02;2.823929688627989520e+01
6.105972188417846337e+04;3.200668525375135687e+02;2.821677122116220104e+01
6.105972189013892785e+04;3.201562964911041718e+02;2.819457795125943989e+01
6.105972189603000879e+04;3.202466860078637865e+02;2.817207879443864726e+01
6.105972190181724727e+04;3.203377315190535910e+02;2.814928302721575548e+01
6.105972190768504515e+04;3.204279541184958475e+02;2.812663749816477932e+01
6.105972191363433376e+04;3.205188326866580724e+02;2.810371824996010659e+01
6.105972191968746483e+04;3.206089950965066464e+02;2.808089402004969415e+01
6.105972192552080378e+04;3.206980144978025464e+02;2.805824831953436771e+01
6.105972193138906732e+04;3.207873696911764796e+02;2.803542396067388509e+01
6.105972193719912320e+04;3.208782193614461562e+02;2.801212450629390460e+01
6.105972194326389581e+04;3.209681089114578754e+02;2.798899993391193419e+01
6.105972194910887629e+04;3.210590965705358713e+02;2.796549335899749167e+01
6.105972195517364889e+04;3.211489716482590211e+02;2.794219965961549335e+01
6.105972196104144678e+04;3.212378866600259926e+02;2.791903314077385900e+01
6.105972196693299338e+04;3.213270611503346572e+02;2.789577563260147741e+01
6.105972197283571586e+04;3.214162209473402640e+02;2.787231433656237201e+01
6.105972197858802974e+04;3.215053962733992421e+02;2.784883620204734100e+01
6.105972198458341882e+04;3.215934438108427571e+02;2.782553084044023350e+01
6.105972199053224176e+04;3.216829401196383742e+02;2.780176754070114953e+01
6.105972199643496424e+04;3.217715068662614613e+02;2.777810663208754249e+01
6.105972200221056119e+04;3.218582747602384302e+02;2.775494397002526270e+01
6.105972200800944120e+04;3.219475130872894511e+02;2.773095627515663963e+01
6.105972201406257227e+04;3.220360809941179241e+02;2.770703307149702255e+01
6.105972201987262815e+04;3.221228501504662631e+02;2.768352607925574915e+01
6.105972202577535063e+04;3.222113424401517250e+02;2.765955953772859743e+01
6.105972203156258911e+04;3.223000792257150806e+02;2.763533033500810276e+01
6.105972203760407865e+04;3.223881455267570004e+02;2.761120566418910016e+01
6.105972204341413453e+04;3.224762884393124409e+02;2.758698219172082133e+01
6.105972204942116514e+04;3.225632577155911349e+02;2.756299624296823225e+01
6.105972205523168668e+04;3.226494955316950950e+02;2.753911283676779931e+01
6.105972206108784303e+04;3.227364503747183448e+02;2.751492528086444977e+01
6.105972206692118198e+04;3.228249302713178395e+02;2.749026847581549049e+01
6.105972207292821258e+04;3.229115046377849580e+02;2.746606204623366310e+01
6.105972207870380953e+04;3.229989638506424399e+02;2.744144483848952021e+01
6.105972208471084014e+04;3.230854018668320009e+02;2.741703285844710436e+01
6.105972209050925449e+04;3.231726939634079372e+02;2.739240843700990169e+01
6.105972209642361850e+04;3.232602306291782384e+02;2.736748129873454616e+01
6.105972210250003263e+04;3.233469899835394585e+02;2.734273865318286667e+01
6.105972210834501311e+04;3.234328195502527592e+02;2.731821847853335683e+01
6.105972211413178593e+04;3.235195187822286584e+02;2.729325891107025726e+01
6.105972212004614994e+04;3.236060962698913386e+02;2.726835100340593954e+01
6.105972212604153901e+04;3.236916678343317813e+02;2.724361206870671381e+01
6.105972213184041902e+04;3.237783071871206744e+02;2.721845112520985666e+01
6.105972213770821691e+04;3.238638189747252909e+02;2.719326256081462745e+01
6.105972214368078858e+04;3.239507636486988531e+02;2.716812540856186331e+01
6.105972214969899505e+04;3.240359098431981124e+02;2.714314873409833950e+01
6.105972215557890013e+04;3.241212393675158410e+02;2.711805618853384203e+01
6.105972216136567295e+04;3.242073469937419645e+02;2.709261762908910143e+01
6.105972216728003696e+04;3.242906645593134272e+02;2.706790874258971513e+01
6.105972217313665897e+04;3.243752785703890709e+02;2.704276666102650495e+01
6.105972217905102298e+04;3.244607011401170098e+02;2.701729958202179560e+01
6.105972218486107886e+04;3.245465053895690062e+02;2.699158524625967814e+01
6.105972219077544287e+04;3.246309071234545058e+02;2.696622250876469806e+01
6.105972219665488228e+04;3.247140130482901554e+02;2.694119430735207388e+01
6.105972220252314582e+04;3.247982630534908139e+02;2.691571178009032650e+01
6.105972220841422677e+04;3.248826049310368944e+02;2.689012090731224092e+01
6.105972221431694925e+04;3.249671759325208882e+02;2.686437415878069501e+01
6.105972222013911232e+04;3.250502834223464106e+02;2.683898081622253784e+01
6.105972222601855174e+04;3.251343367231518187e+02;2.681322449247579343e+01
6.105972223195619881e+04;3.252189088066148202e+02;2.678727447097558922e+01
6.105972223785892129e+04;3.253029325072246252e+02;2.676127832804160889e+01
6.105972224366897717e+04;3.253875969490046032e+02;2.673507718371552500e+01
6.105972224961826578e+04;3.254719415614723630e+02;2.670887976450606516e+01
6.105972225555544719e+04;3.255539991403467184e+02;2.668330753614669959e+01
6.105972226141206920e+04;3.256369567945841936e+02;2.665738754361072438e+01
6.105972226721048355e+04;3.257214398342604227e+02;2.663088209067842627e+01
6.105972227326408029e+04;3.258043067926569734e+02;2.660480230388529321e+01
6.105972227910859510e+04;3.258866556107793144e+02;2.657882136446322008e+01
6.105972228500014171e+04;3.259697367582986658e+02;2.655255351527619823e+01
6.105972229089122266e+04;3.260524981698334273e+02;2.652622261557803185e+01
6.105972229665517807e+04;3.261353208775811936e+02;2.649984436203298088e+01
6.105972230253461748e+04;3.262175648334680886e+02;2.647333599611755872e+01
6.105972230854164809e+04;3.262998236891345982e+02;2.644720174316157113e+01
6.105972231427067891e+04;3.263819007535082051e+02;2.642052012420944251e+01
6.105972232031263411e+04;3.264640993457899754e+02;2.639425470330444057e+01
6.105972232604166493e+04;3.265458263630870874e+02;2.636755410814207323e+01
6.105972233200212941e+04;3.266289560033046087e+02;2.634081535968899601e+01
6.105972233793977648e+04;3.267087926585751347e+02;2.631460513803861900e+01
6.105972234379639849e+04;3.267905202138492768e+02;2.628803308772452496e+01
6.105972234967583790e+04;3.268714707880009769e+02;2.626137072178917720e+01
6.105972235554410145e+04;3.269532142325512609e+02;2.623470382180884997e+01
6.105972236143518239e+04;3.270340742071605291e+02;2.620781486724963116e+01
6.105972236729180440e+04;3.271153304503159234e+02;2.618110401428461032e+01
6.105972237319452688e+04;3.271961453784104492e+02;2.615409724089503030e+01
6.105972237903950736e+04;3.272770820299808179e+02;2.612737696012511179e+01
6.105972238491894677e+04;3.273573181506559422e+02;2.610041384774156725e+01
6.105972239082166925e+04;3.274388960646161308e+02;2.607334006099877399e+01
6.105972239662054926e+04;3.275201850571814362e+02;2.604599342217946756e+01
